mechanism,method,parameter,bias,RMSE,SD,estimated_SE,coverage_valid,valid_CI,SD_valid,CI_failure_rate,covered_and_available,bias_MCSE,replications
MAR,MAR_ignorability,M1_class1,-0.0021714817869591192,0.0355615140247744,0.0356739718741254,0.03732422110586882,0.9381443298969072,97,0.03535198887951603,0.03,0.91,0.0035673971874125403,100
MAR,MAR_ignorability,M1_class2,0.0017209656904543015,0.04404705845023983,0.04423515713180956,0.04544463222060492,0.979381443298969,97,0.03977818348246911,0.03,0.95,0.004423515713180956,100
MAR,MAR_ignorability,M2_class1,0.0009391593184403446,0.04122456458600824,0.04142149328720503,0.03977912825246187,0.9175257731958762,97,0.04131974872100213,0.03,0.89,0.0041421493287205026,100
MAR,MAR_ignorability,M2_class2,-0.0010712710095856404,0.043526152127316614,0.04373217729248965,0.04820421921695654,0.9690721649484536,97,0.04222460186722839,0.03,0.94,0.004373217729248965,100
MAR,MAR_ignorability,M3_class1,0.00397228806812629,0.03942872461094567,0.039425742141188026,0.04087788696247064,0.9381443298969072,97,0.03928274580287314,0.03,0.91,0.0039425742141188025,100
MAR,MAR_ignorability,M3_class2,-0.004398449099902736,0.04997345731109783,0.05003029467222411,0.04662539814301084,0.9278350515463918,97,0.0489494097176281,0.03,0.9,0.005003029467222411,100
MAR,MAR_ignorability,P000,-0.0021788267322414095,0.023455176060274065,0.02347140960353883,0.02191192571752962,0.9175257731958762,97,0.02372522135163664,0.03,0.89,0.002347140960353883,100
MAR,MAR_ignorability,P001,0.0016240776279595065,0.013252307369337227,0.013218674518651698,0.013417516256294244,0.9587628865979382,97,0.013355374013521158,0.03,0.93,0.0013218674518651699,100
MAR,MAR_ignorability,P010,0.0004513259483555805,0.015836316869878648,0.015909632330778405,0.015020744326910161,0.9381443298969072,97,0.01600809348452762,0.03,0.91,0.0015909632330778404,100
MAR,MAR_ignorability,P011,0.00032341573310205375,0.011995595946954107,0.01205164494351746,0.011999794154884195,0.9690721649484536,97,0.011476531412612515,0.03,0.94,0.001205164494351746,100
MAR,MAR_ignorability,P100,-0.00012667873481719125,0.01013801443160097,0.01018829240524844,0.011076501800431682,0.9587628865979382,97,0.010278488738101865,0.03,0.93,0.0010188292405248441,100
MAR,MAR_ignorability,P101,0.00024249029855277112,0.01349696967889345,0.01356277544404287,0.014902135607394023,0.9690721649484536,97,0.013370156750915794,0.03,0.94,0.001356277544404287,100
MAR,MAR_ignorability,P110,0.0014497375361100535,0.012986470283745428,0.012970310756422857,0.011595728200746804,0.9175257731958762,97,0.012979014847878258,0.03,0.89,0.0012970310756422858,100
MAR,MAR_ignorability,P111,-0.0017855416770214325,0.018549454165384303,0.018556332218609004,0.021340724987196545,0.979381443298969,97,0.01821475329139349,0.03,0.95,0.0018556332218609005,100
MAR,MAR_ignorability,mean_Y1,-0.000219992577175831,0.024046006966511668,0.0241661348802413,0.022184416434242373,0.8969072164948454,97,0.02444668033731569,0.03,0.87,0.00241661348802413,100
MAR,MAR_ignorability,mean_Y2,0.00043893754054623925,0.02553077032797103,0.025655597128409577,0.026139474209842663,0.9278350515463918,97,0.02592712212769407,0.03,0.9,0.0025655597128409575,100
MAR,MAR_ignorability,mean_Y3,0.0004044419825928508,0.023335467224704844,0.023449504254370663,0.025693932718717793,0.979381443298969,97,0.023668098857202287,0.03,0.95,0.0023449504254370664,100
MAR,MAR_ignorability,p_class2,0.0010947882298471755,0.04550238437511239,0.045718378402893535,0.04473431230235324,0.9690721649484536,97,0.04233585545718568,0.03,0.94,0.004571837840289353,100
MAR,candidate_saturated,M1_class1,0.0022429359932231783,0.0417120525162242,0.041861539003287825,0.046558351073968246,0.9436619718309859,71,0.03856870767138288,0.29,0.67,0.004186153900328783,100
MAR,candidate_saturated,M1_class2,-0.004909369964583302,0.05050563029389926,0.05051969090989368,0.058589205265557276,1.0,71,0.042084501751832634,0.29,0.71,0.005051969090989368,100
MAR,candidate_saturated,M2_class1,-0.00590424753855123,0.06392703529698619,0.0639744717305083,0.08127009050572599,0.9577464788732394,71,0.06046786328213869,0.29,0.68,0.006397447173050829,100
MAR,candidate_saturated,M2_class2,-0.015716825898878822,0.08723376897944761,0.08623852190657184,0.10813758822826677,0.971830985915493,71,0.077099407160956,0.29,0.69,0.008623852190657184,100
MAR,candidate_saturated,M3_class1,0.012576517051622988,0.0700815986572687,0.06929122912421287,0.07105292712067153,0.971830985915493,71,0.06430590013382363,0.29,0.69,0.006929122912421287,100
MAR,candidate_saturated,M3_class2,-0.018307613342832735,0.08937009720841531,0.08791551022494298,0.0729794064453746,0.9436619718309859,71,0.07536152157683851,0.29,0.67,0.008791551022494298,100
MAR,candidate_saturated,P000,-0.003443039272608704,0.0378356833804558,0.03786851811299347,0.044724841443369794,0.971830985915493,71,0.03368763455725333,0.29,0.69,0.003786851811299347,100
MAR,candidate_saturated,P001,0.006485298164359863,0.026337488359074727,0.025655137134650532,0.029311657853703703,0.971830985915493,71,0.024416484316406795,0.29,0.69,0.0025655137134650533,100
MAR,candidate_saturated,P010,-0.002169567503962065,0.025320387477305185,0.02535435728190343,0.032142496494834104,0.9577464788732394,71,0.024597090284201067,0.29,0.68,0.002535435728190343,100
MAR,candidate_saturated,P011,-0.0006526953716566933,0.017342100468992466,0.017417117941911954,0.021985010336096553,1.0,71,0.01448656223353216,0.29,0.71,0.0017417117941911954,100
MAR,candidate_saturated,P100,0.0028584430189809345,0.018046192068061954,0.017908136846634816,0.01997283976073411,0.971830985915493,71,0.016494154108277252,0.29,0.69,0.0017908136846634815,100
MAR,candidate_saturated,P101,0.0038266982090045705,0.027587929292401503,0.02745888061642015,0.034318115863797974,0.9859154929577465,71,0.024737881884097347,0.29,0.7,0.002745888061642015,100
MAR,candidate_saturated,P110,0.0036112294485534046,0.024022829343430745,0.02386949685973432,0.021989597611279204,0.9154929577464789,71,0.020877440824772567,0.29,0.65,0.002386949685973432,100
MAR,candidate_saturated,P111,-0.010516366692671366,0.03946438621775452,0.038229025557554655,0.04345034165538007,0.9859154929577465,71,0.03261210811962394,0.29,0.7,0.0038229025557554655,100
MAR,candidate_saturated,mean_Y1,-0.00021999601613248876,0.024045990405437083,0.024166118203415972,0.022194305077669927,0.9014084507042254,71,0.024199925811718103,0.29,0.64,0.002416611820341597,100
MAR,candidate_saturated,mean_Y2,-0.009727400119736739,0.0553962743673474,0.05481027792628442,0.0760631959763961,1.0,71,0.04702384643104576,0.29,0.71,0.005481027792628442,100
MAR,candidate_saturated,mean_Y3,-0.0008570656909636853,0.05368989738086976,0.05395350148408938,0.05896418284550184,1.0,71,0.04572971559417966,0.29,0.71,0.005395350148408938,100
MAR,candidate_saturated,p_class2,0.002284717723787516,0.04845634596822942,0.048646296375218646,0.053091069764725704,0.9859154929577465,71,0.04486280035427992,0.29,0.7,0.004864629637521865,100
MAR,oracle,M1_class1,-0.001219257054586892,0.030295039592725625,0.030422991640587982,0.031496830488421626,0.94,100,0.030422991640587982,0.0,0.94,0.0030422991640587983,100
MAR,oracle,M1_class2,0.004286642093650549,0.039458826709025785,0.03942290398230258,0.03957095271414499,0.94,100,0.03942290398230258,0.0,0.94,0.003942290398230258,100
MAR,oracle,M2_class1,-0.0003518797892686007,0.03276851718799769,0.032931700047126984,0.032465321459556704,0.95,100,0.032931700047126984,0.0,0.95,0.0032931700047126983,100
MAR,oracle,M2_class2,0.0044058831176026466,0.03635770186508622,0.03627157217915978,0.037369061245296445,0.91,100,0.03627157217915978,0.0,0.91,0.003627157217915978,100
MAR,oracle,M3_class1,0.00526105534094704,0.03385484087345714,0.0336120400996909,0.034187916995538845,0.98,100,0.0336120400996909,0.0,0.98,0.00336120400996909,100
MAR,oracle,M3_class2,-0.0016267117192937041,0.03778320651293321,0.037938340503810945,0.03608707760045828,0.94,100,0.037938340503810945,0.0,0.94,0.0037938340503810945,100
MAR,oracle,P000,-0.0009720506436919663,0.019569600333143037,0.019643910171174724,0.01971693329336283,0.95,100,0.019643910171174724,0.0,0.95,0.0019643910171174726,100
MAR,oracle,P001,0.0017387239888078379,0.011654277897015248,0.011581901249672873,0.011498953952012468,0.95,100,0.011581901249672873,0.0,0.95,0.0011581901249672873,100
MAR,oracle,P010,-0.0002373487792588569,0.012905402389800933,0.01296822365037422,0.012577126896278717,0.94,100,0.01296822365037422,0.0,0.94,0.0012968223650374222,100
MAR,oracle,P011,-0.00030932314590343996,0.010180495416510345,0.010227058885696888,0.010779958425961671,0.96,100,0.010227058885696888,0.0,0.96,0.0010227058885696888,100
MAR,oracle,P100,-0.00042391051927922953,0.009638214019787743,0.009677395788921303,0.009606862707300805,0.96,100,0.009677395788921303,0.0,0.96,0.0009677395788921303,100
MAR,oracle,P101,-0.001202762321460209,0.010491468950400047,0.010474803030152347,0.011825106766720885,0.93,100,0.010474803030152347,0.0,0.93,0.0010474803030152348,100
MAR,oracle,P110,0.0006333070569922547,0.010052920591447514,0.010083496597201338,0.009176260060162816,0.91,100,0.010083496597201338,0.0,0.91,0.0010083496597201337,100
MAR,oracle,P111,0.0007733643637935514,0.019145400839257396,0.019226146991480956,0.018637740314872267,0.94,100,0.019226146991480956,0.0,0.94,0.0019226146991480955,100
MAR,oracle,mean_Y1,-0.00022000141995367372,0.024046003116576325,0.024166130929435158,0.02218476547511266,0.9,100,0.024166130929435158,0.0,0.9,0.002416613092943516,100
MAR,oracle,mean_Y2,0.0008599994956234902,0.02193171715138195,0.022025252221712446,0.02231302764833701,0.93,100,0.022025252221712446,0.0,0.93,0.0022025252221712444,100
MAR,oracle,mean_Y3,0.0010000028852376842,0.020460450003265275,0.020538950642636073,0.022340090087201944,0.98,100,0.020538950642636073,0.0,0.98,0.0020538950642636075,100
MAR,oracle,p_class2,-0.0016492483155892746,0.03540732264177474,0.03554707330935796,0.03717525502848983,0.97,100,0.03554707330935796,0.0,0.97,0.003554707330935796,100
MAR,selection_misspecified,M1_class1,-0.019887170248230196,0.04166695084219016,0.03679914431376979,0.03828697274102456,0.9375,96,0.036510696859916016,0.04,0.9,0.0036799144313769787,100
MAR,selection_misspecified,M1_class2,-0.0011628409657523408,0.04312597033605209,0.04332747184499927,0.046465400961638474,0.9791666666666666,96,0.039344591404625186,0.04,0.94,0.004332747184499927,100
MAR,selection_misspecified,M2_class1,0.06597851210345607,0.09443648394058554,0.06790579808685485,0.06462173150550525,0.9375,96,0.061688843009765695,0.04,0.9,0.006790579808685485,100
MAR,selection_misspecified,M2_class2,0.04881799688767059,0.0653941930315728,0.043730160432365134,0.04706418421703903,0.75,96,0.042389569493718256,0.04,0.72,0.004373016043236514,100
MAR,selection_misspecified,M3_class1,0.05236081530285945,0.0798130251868546,0.06054019459761004,0.05700201754328008,0.8958333333333334,96,0.06086996385497708,0.04,0.86,0.006054019459761004,100
MAR,selection_misspecified,M3_class2,0.021993629561150224,0.048524510126078564,0.04347190363626148,0.040823434959701595,0.875,96,0.043495524742139004,0.04,0.84,0.004347190363626148,100
MAR,selection_misspecified,P000,-0.04526306680015923,0.055361332193359335,0.03203741319946006,0.0298419412695501,0.65625,96,0.03076884987906178,0.04,0.63,0.003203741319946006,100
MAR,selection_misspecified,P001,0.0074125539560087024,0.020679828514198,0.019402940296443995,0.0192066874361695,0.9375,96,0.01954419706370413,0.04,0.9,0.0019402940296443995,100
MAR,selection_misspecified,P010,0.01546702159362091,0.02947456777187416,0.02521666493142791,0.023813303892854673,0.9583333333333334,96,0.0236350156275759,0.04,0.92,0.002521666493142791,100
MAR,selection_misspecified,P011,0.022603495485696602,0.028131566647251114,0.016831519069852634,0.016180463896699308,0.7604166666666666,96,0.01597224100544447,0.04,0.73,0.0016831519069852633,100
MAR,selection_misspecified,P100,-0.01738659662708431,0.020672463404855332,0.011239226084653837,0.011506350386464618,0.5833333333333334,96,0.011180517418094223,0.04,0.56,0.0011239226084653838,100
MAR,selection_misspecified,P101,-0.011464258810663519,0.018453753696607265,0.014533548629805432,0.015975881493896782,0.8645833333333334,96,0.014347745864383137,0.04,0.83,0.0014533548629805432,100
MAR,selection_misspecified,P110,-0.0021220764235387298,0.01299298614931843,0.012883098344677334,0.012239888750507777,0.8958333333333334,96,0.013019503151525313,0.04,0.86,0.0012883098344677335,100
MAR,selection_misspecified,P111,0.03075292762611951,0.0379109594818958,0.022281447898762175,0.023807526117422022,0.7395833333333334,96,0.022058478346173138,0.04,0.71,0.0022281447898762174,100
MAR,selection_misspecified,mean_Y1,-0.00022000423516708556,0.02404601090455505,0.024166138731087985,0.022185726500886602,0.8958333333333334,96,0.02445002865056619,0.04,0.86,0.0024166138731087985,100
MAR,selection_misspecified,mean_Y2,0.06670136828189827,0.08034552126534611,0.04501773227198229,0.04482781274099653,0.71875,96,0.04222766967725903,0.04,0.69,0.004501773227198229,100
MAR,selection_misspecified,mean_Y3,0.04930471825716122,0.06245687701149774,0.0385325029218913,0.037116409986974915,0.71875,96,0.03907829008992377,0.04,0.69,0.0038532502921891304,100
MAR,selection_misspecified,p_class2,0.01739188503861967,0.04966273422136431,0.04675218900665991,0.04551022474958242,0.9583333333333334,96,0.043796920135254394,0.04,0.92,0.004675218900665991,100
MCAR,MAR_ignorability,M1_class1,-0.004103426994946427,0.034350654083011634,0.03427649491804164,0.036495481767622615,0.9484536082474226,97,0.033537097508845135,0.03,0.92,0.003427649491804164,100
MCAR,MAR_ignorability,M1_class2,0.0023479153115496844,0.0451730706214221,0.04533927771920023,0.04675976497704207,0.9896907216494846,97,0.04148833218922574,0.03,0.96,0.004533927771920023,100
MCAR,MAR_ignorability,M2_class1,0.0015987691700875837,0.043302101015001704,0.043490575891425805,0.0411509689572114,0.9381443298969072,97,0.04337144710609931,0.03,0.91,0.00434905758914258,100
MCAR,MAR_ignorability,M2_class2,-0.00457061140841738,0.04455792678458605,0.044546177954991314,0.04624875159148587,0.9484536082474226,97,0.04309950455446871,0.03,0.92,0.004454617795499131,100
MCAR,MAR_ignorability,M3_class1,0.003940984803043956,0.03948995623890572,0.039490764583721784,0.04235586181002855,0.9587628865979382,97,0.039436152427829996,0.03,0.93,0.003949076458372178,100
MCAR,MAR_ignorability,M3_class2,-0.00538387927900292,0.0485980163164256,0.048542192766567085,0.04455579891240208,0.9381443298969072,97,0.04740128243247142,0.03,0.91,0.004854219276656709,100
MCAR,MAR_ignorability,P000,-0.002441408036276272,0.023641523218134987,0.023633590776774946,0.02237845373817817,0.9175257731958762,97,0.023935435373916156,0.03,0.89,0.0023633590776774944,100
MCAR,MAR_ignorability,P001,0.0017764292255359434,0.013392945853196543,0.01334148606178049,0.013837789707733956,0.9690721649484536,97,0.013486329674297654,0.03,0.94,0.001334148606178049,100
MCAR,MAR_ignorability,P010,0.0008329709381485905,0.0165636892514767,0.016626070590141505,0.015530586293311067,0.9278350515463918,97,0.016742112571175166,0.03,0.9,0.0016626070590141505,100
MCAR,MAR_ignorability,P011,5.200397673466431e-05,0.012216018920347495,0.01227744971744275,0.012252904527178083,0.9690721649484536,97,0.01174739658840432,0.03,0.94,0.0012277449717442751,100
MCAR,MAR_ignorability,P100,-0.000657654747654898,0.01008369390580297,0.01011291668399324,0.010739483846178212,0.9587628865979382,97,0.010155307309458267,0.03,0.93,0.001011291668399324,100
MCAR,MAR_ignorability,P101,0.0013218815142609515,0.013970581626849825,0.013977968966159505,0.014410183687896712,0.9381443298969072,97,0.013808218010231797,0.03,0.91,0.0013977968966159505,100
MCAR,MAR_ignorability,P110,0.001423937166091353,0.012430360937858344,0.01241074298366232,0.01109899007816711,0.9175257731958762,97,0.012405093868202103,0.03,0.89,0.001241074298366232,100
MCAR,MAR_ignorability,P111,-0.002308160036840389,0.018394333942682584,0.018340877743534812,0.020746009127812503,0.979381443298969,97,0.018060531209487,0.03,0.95,0.0018340877743534812,100
MCAR,MAR_ignorability,mean_Y1,-0.00021999610414300875,0.024046010966073932,0.02416613886768911,0.022184416445912167,0.8969072164948454,97,0.024446677776798768,0.03,0.87,0.0024166138867689107,100
MCAR,MAR_ignorability,mean_Y2,7.520441342079298e-07,0.024955632447251536,0.025081354301808984,0.026086781154235288,0.9587628865979382,97,0.02535472323930111,0.03,0.93,0.0025081354301808986,100
MCAR,MAR_ignorability,mean_Y3,0.0008421546796911161,0.023959460824795237,0.024065284492131907,0.025678395970789848,0.9690721649484536,97,0.02427066298315367,0.03,0.94,0.0024065284492131907,100
MCAR,MAR_ignorability,p_class2,0.002531411579526312,0.04550231062424924,0.04566071878497215,0.04486351730115146,0.9690721649484536,97,0.04205293275022666,0.03,0.94,0.004566071878497216,100
MCAR,candidate_saturated,M1_class1,0.0028550302400763626,0.03677154099331141,0.03684522678337336,0.04610876525609112,0.9428571428571428,70,0.033409476478698186,0.3,0.66,0.003684522678337336,100
MCAR,candidate_saturated,M1_class2,-0.005496951458679341,0.04778089219255223,0.047702753699152854,0.05792630670808507,1.0,70,0.0405097247108008,0.3,0.7,0.004770275369915285,100
MCAR,candidate_saturated,M2_class1,0.0032019107060591696,0.07530007211916571,0.07561097021698317,0.09272318434774683,0.9571428571428572,70,0.06640207579366847,0.3,0.67,0.007561097021698317,100
MCAR,candidate_saturated,M2_class2,-0.01570629339597031,0.08367843957330338,0.0826052655473253,0.09231015275800772,0.9857142857142858,70,0.0643263622108988,0.3,0.69,0.00826052655473253,100
MCAR,candidate_saturated,M3_class1,0.014088005842734978,0.0705041937133048,0.06943036204918626,0.07885694214914266,0.9571428571428572,70,0.0701659024844782,0.3,0.67,0.006943036204918626,100
MCAR,candidate_saturated,M3_class2,-0.020388096146350572,0.0817037835861881,0.0795176988609913,0.07004538075391628,0.9428571428571428,70,0.07160209534805491,0.3,0.66,0.00795176988609913,100
MCAR,candidate_saturated,P000,-0.008027566825733332,0.03793776877975295,0.03726552921292786,0.05098437569033435,0.9857142857142858,70,0.03595597659806713,0.3,0.69,0.003726552921292786,100
MCAR,candidate_saturated,P001,0.006182190122325832,0.027382213454798132,0.026809581789592942,0.029790297952069198,0.9571428571428572,70,0.026589287494177164,0.3,0.67,0.002680958178959294,100
MCAR,candidate_saturated,P010,0.0016565403281825685,0.03076906836271852,0.03087922779381266,0.03513380612616213,0.9285714285714286,70,0.02694741077382835,0.3,0.65,0.003087922779381266,100
MCAR,candidate_saturated,P011,0.0004088364144314832,0.01730880155491044,0.017391146710105953,0.0246668501355016,0.9857142857142858,70,0.01658737557336755,0.3,0.69,0.0017391146710105953,100
MCAR,candidate_saturated,P100,0.0024467876978227373,0.0160659021111446,0.01595848277030005,0.01802937525931341,0.9857142857142858,70,0.013078964884386535,0.3,0.69,0.0015958482770300048,100
MCAR,candidate_saturated,P101,0.0037061463485033685,0.026162267432346027,0.026028902281596846,0.029750325996314605,0.9857142857142858,70,0.022495762723664593,0.3,0.69,0.002602890228159685,100
MCAR,candidate_saturated,P110,0.005048639861085547,0.022285508245694176,0.021815459103139884,0.021055281727787714,0.9571428571428572,70,0.01969954458131756,0.3,0.67,0.0021815459103139883,100
MCAR,candidate_saturated,P111,-0.01142157394661827,0.03540597351528392,0.033681973855085506,0.03779389287255427,0.9857142857142858,70,0.027883144713451845,0.3,0.69,0.0033681973855085507,100
MCAR,candidate_saturated,mean_Y1,-0.000220000039206657,0.02404599898106364,0.024166126785611405,0.022192427637840295,0.9,70,0.024670553588282015,0.3,0.63,0.0024166126785611407,100
MCAR,candidate_saturated,mean_Y2,-0.004307557342918692,0.05516910731822697,0.05527776830439755,0.0740029625160249,1.0,70,0.04636472544803336,0.3,0.7,0.005527776830439755,100
MCAR,candidate_saturated,mean_Y3,-0.0011244010613576394,0.0546288402135361,0.054892419168322173,0.059585182358079046,1.0,70,0.051303106613919514,0.3,0.7,0.0054892419168322175,100
MCAR,candidate_saturated,p_class2,0.0023129368458587158,0.04880662844365387,0.0489973953459861,0.05209350881797798,0.9857142857142858,70,0.041502011766750634,0.3,0.69,0.00489973953459861,100
MCAR,oracle,M1_class1,-0.001219257054586892,0.030295039592725625,0.030422991640587982,0.031496830488421626,0.94,100,0.030422991640587982,0.0,0.94,0.0030422991640587983,100
MCAR,oracle,M1_class2,0.004286642093650549,0.039458826709025785,0.03942290398230258,0.03957095271414499,0.94,100,0.03942290398230258,0.0,0.94,0.003942290398230258,100
MCAR,oracle,M2_class1,-0.0003518797892686007,0.03276851718799769,0.032931700047126984,0.032465321459556704,0.95,100,0.032931700047126984,0.0,0.95,0.0032931700047126983,100
MCAR,oracle,M2_class2,0.0044058831176026466,0.03635770186508622,0.03627157217915978,0.037369061245296445,0.91,100,0.03627157217915978,0.0,0.91,0.003627157217915978,100
MCAR,oracle,M3_class1,0.00526105534094704,0.03385484087345714,0.0336120400996909,0.034187916995538845,0.98,100,0.0336120400996909,0.0,0.98,0.00336120400996909,100
MCAR,oracle,M3_class2,-0.0016267117192937041,0.03778320651293321,0.037938340503810945,0.03608707760045828,0.94,100,0.037938340503810945,0.0,0.94,0.0037938340503810945,100
MCAR,oracle,P000,-0.0009720506436919663,0.019569600333143037,0.019643910171174724,0.01971693329336283,0.95,100,0.019643910171174724,0.0,0.95,0.0019643910171174726,100
MCAR,oracle,P001,0.0017387239888078379,0.011654277897015248,0.011581901249672873,0.011498953952012468,0.95,100,0.011581901249672873,0.0,0.95,0.0011581901249672873,100
MCAR,oracle,P010,-0.0002373487792588569,0.012905402389800933,0.01296822365037422,0.012577126896278717,0.94,100,0.01296822365037422,0.0,0.94,0.0012968223650374222,100
MCAR,oracle,P011,-0.00030932314590343996,0.010180495416510345,0.010227058885696888,0.010779958425961671,0.96,100,0.010227058885696888,0.0,0.96,0.0010227058885696888,100
MCAR,oracle,P100,-0.00042391051927922953,0.009638214019787743,0.009677395788921303,0.009606862707300805,0.96,100,0.009677395788921303,0.0,0.96,0.0009677395788921303,100
MCAR,oracle,P101,-0.001202762321460209,0.010491468950400047,0.010474803030152347,0.011825106766720885,0.93,100,0.010474803030152347,0.0,0.93,0.0010474803030152348,100
MCAR,oracle,P110,0.0006333070569922547,0.010052920591447514,0.010083496597201338,0.009176260060162816,0.91,100,0.010083496597201338,0.0,0.91,0.0010083496597201337,100
MCAR,oracle,P111,0.0007733643637935514,0.019145400839257396,0.019226146991480956,0.018637740314872267,0.94,100,0.019226146991480956,0.0,0.94,0.0019226146991480955,100
MCAR,oracle,mean_Y1,-0.00022000141995367372,0.024046003116576325,0.024166130929435158,0.02218476547511266,0.9,100,0.024166130929435158,0.0,0.9,0.002416613092943516,100
MCAR,oracle,mean_Y2,0.0008599994956234902,0.02193171715138195,0.022025252221712446,0.02231302764833701,0.93,100,0.022025252221712446,0.0,0.93,0.0022025252221712444,100
MCAR,oracle,mean_Y3,0.0010000028852376842,0.020460450003265275,0.020538950642636073,0.022340090087201944,0.98,100,0.020538950642636073,0.0,0.98,0.0020538950642636075,100
MCAR,oracle,p_class2,-0.0016492483155892746,0.03540732264177474,0.03554707330935796,0.03717525502848983,0.97,100,0.03554707330935796,0.0,0.97,0.003554707330935796,100
MCAR,selection_misspecified,M1_class1,-0.0031782499753028742,0.034852989782475016,0.03488262604607773,0.03727267646344082,0.9484536082474226,97,0.03400630140829867,0.03,0.92,0.0034882626046077734,100
MCAR,selection_misspecified,M1_class2,0.0035809464832412406,0.044808716442823145,0.044890415295376865,0.04780099592786266,0.979381443298969,97,0.0407850997663894,0.03,0.95,0.004489041529537686,100
MCAR,selection_misspecified,M2_class1,-0.000141108326369766,0.05300954945457759,0.05327641301414799,0.05191861585492103,0.9278350515463918,97,0.05314437628216312,0.03,0.9,0.005327641301414799,100
MCAR,selection_misspecified,M2_class2,-0.008912404237921522,0.056581339030720205,0.05615650008887214,0.05812141359227302,0.9587628865979382,97,0.05516169434326145,0.03,0.93,0.005615650008887214,100
MCAR,selection_misspecified,M3_class1,0.0014215935369032678,0.0463768145105139,0.0465885492928311,0.046361834484732786,0.9484536082474226,97,0.046861014666811286,0.03,0.92,0.00465885492928311,100
MCAR,selection_misspecified,M3_class2,-0.009449598899890436,0.055026147354956235,0.054481782455754024,0.04902495823812355,0.9278350515463918,97,0.0541929921579929,0.03,0.9,0.005448178245575403,100
MCAR,selection_misspecified,P000,-0.00022992422927849254,0.028442753322393512,0.02858510863657802,0.027142999338927228,0.9587628865979382,97,0.02877515394116877,0.03,0.93,0.0028585108636578023,100
MCAR,selection_misspecified,P001,0.001235340926803405,0.017338567987007555,0.017381630633209914,0.017130356673561324,0.9484536082474226,97,0.01747905395243392,0.03,0.92,0.0017381630633209913,100
MCAR,selection_misspecified,P010,0.000799003906245438,0.0217112264574636,0.021805822293692875,0.020599580373620856,0.9381443298969072,97,0.02188251205016668,0.03,0.91,0.0021805822293692874,100
MCAR,selection_misspecified,P011,-0.0015844269531020711,0.014727683090837919,0.014715972235733033,0.01463248585217685,0.9175257731958762,97,0.014125638591563155,0.03,0.89,0.0014715972235733034,100
MCAR,selection_misspecified,P100,0.0007136575180408397,0.01182365089204382,0.0118615503681106,0.01261931459829409,0.979381443298969,97,0.011942703014340014,0.03,0.95,0.00118615503681106,100
MCAR,selection_misspecified,P101,0.0021016847671473317,0.018172181085084525,0.018141171616097226,0.01866219852147822,0.9381443298969072,97,0.018073927441076564,0.03,0.91,0.0018141171616097226,100
MCAR,selection_misspecified,P110,0.002250019982508694,0.014799121248434962,0.014700766138359534,0.013435780302240326,0.9278350515463918,97,0.014848621577281874,0.03,0.9,0.0014700766138359535,100
MCAR,selection_misspecified,P111,-0.005285355918365202,0.022955787759273694,0.022451591121879593,0.02437036248981286,0.9381443298969072,97,0.022428279048639338,0.03,0.91,0.0022451591121879595,100
MCAR,selection_misspecified,mean_Y1,-0.00021999365066837194,0.024046017278734535,0.024166145234977916,0.02218441643433142,0.8969072164948454,97,0.024446685250221922,0.03,0.87,0.0024166145234977916,100
MCAR,selection_misspecified,mean_Y2,-0.003820758982713158,0.04024620438580807,0.040266269919029936,0.04263598895972199,0.9587628865979382,97,0.04077901527690753,0.03,0.93,0.004026626991902994,100
MCAR,selection_misspecified,mean_Y3,-0.0035327571775165944,0.037245870160007355,0.03726474314302986,0.03521639657285429,0.9175257731958762,97,0.037291401905600464,0.03,0.89,0.003726474314302986,100
MCAR,selection_misspecified,p_class2,0.0007990288424342595,0.04589362335299189,0.04611783564983829,0.046165023934084747,0.9587628865979382,97,0.04217836398031367,0.03,0.93,0.004611783564983829,100
MNAR,MAR_ignorability,M1_class1,0.04358754910435964,0.0598194425233054,0.041175790509900674,0.04375766086865983,0.8461538461538461,78,0.03946300861633068,0.22,0.66,0.004117579050990068,100
MNAR,MAR_ignorability,M1_class2,-0.033652305950293275,0.05759216982010186,0.04697280890665491,0.049975253652130944,0.8974358974358975,78,0.045695178460516704,0.22,0.7,0.004697280890665491,100
MNAR,MAR_ignorability,M2_class1,-0.028349103838910608,0.04669121360809752,0.037286736880553804,0.03676905113266448,0.8205128205128205,78,0.03757021228810018,0.22,0.64,0.0037286736880553805,100
MNAR,MAR_ignorability,M2_class2,-0.15699573510749082,0.16754145457370645,0.0587966720587462,0.06126730459481216,0.2692307692307692,78,0.05375642478317278,0.22,0.21,0.005879667205874619,100
MNAR,MAR_ignorability,M3_class1,-0.018280427117407662,0.03791907178169274,0.0333890744422697,0.037649315271110144,0.8974358974358975,78,0.034899311115708424,0.22,0.7,0.0033389074442269698,100
MNAR,MAR_ignorability,M3_class2,-0.13291266913361477,0.1524697666860423,0.07508414227576489,0.06807920513962275,0.38461538461538464,78,0.07647210578403646,0.22,0.3,0.007508414227576489,100
MNAR,MAR_ignorability,P000,0.01771047571063204,0.028599710719986352,0.022569365654140968,0.02155865522713767,0.8461538461538461,78,0.02243908276711982,0.22,0.66,0.002256936565414097,100
MNAR,MAR_ignorability,P001,0.005065008331799748,0.012809988356525396,0.011825391799224542,0.012274203429122527,0.9487179487179487,78,0.011728134024202426,0.22,0.74,0.0011825391799224541,100
MNAR,MAR_ignorability,P010,-0.0033644655776511527,0.014200469084064384,0.013865650224411625,0.01339623461348412,0.8974358974358975,78,0.014096336048747491,0.22,0.7,0.0013865650224411624,100
MNAR,MAR_ignorability,P011,-0.019191167959959413,0.021113621590422616,0.008846850092649112,0.009302754345228668,0.46153846153846156,78,0.008895086617361622,0.22,0.36,0.0008846850092649112,100
MNAR,MAR_ignorability,P100,0.04648853374385946,0.04847071149139684,0.013788668412657287,0.014324801126527342,0.07692307692307693,78,0.012981646195146032,0.22,0.06,0.0013788668412657288,100
MNAR,MAR_ignorability,P101,0.023326411922334363,0.027864686166658173,0.015318808733252988,0.016029644177892693,0.782051282051282,78,0.013613127510626087,0.22,0.61,0.0015318808733252988,100
MNAR,MAR_ignorability,P110,0.019001751522373954,0.024054703380908687,0.01482429734398524,0.01281433193026137,0.6410256410256411,78,0.014509806389862032,0.22,0.5,0.001482429734398524,100
MNAR,MAR_ignorability,P111,-0.08903654769338906,0.09070835535475864,0.01742223431402975,0.01990106586213871,0.01282051282051282,78,0.017288127046642416,0.22,0.01,0.0017422234314029748,100
MNAR,MAR_ignorability,mean_Y1,-0.00021985050482131453,0.024046038641265755,0.02416616802187284,0.022173253417955403,0.9358974358974359,78,0.0223737033575796,0.22,0.73,0.002416616802187284,100
MNAR,MAR_ignorability,mean_Y2,-0.0925904297086257,0.09587215249800386,0.02499458428153222,0.026547095989292384,0.0641025641025641,78,0.02571055392999461,0.22,0.05,0.002499458428153222,100
MNAR,MAR_ignorability,mean_Y3,-0.0798362953992144,0.08353374052970677,0.024701280869208937,0.026631429953924694,0.15384615384615385,78,0.024727447535672582,0.22,0.12,0.0024701280869208935,100
MNAR,MAR_ignorability,p_class2,-0.014980866997695876,0.05655490643522116,0.05480941327665603,0.05642771605910797,0.9358974358974359,78,0.05450378713466029,0.22,0.73,0.0054809413276656034,100
MNAR,candidate_saturated,M1_class1,0.0056206485818429755,0.03959420087836354,0.03939067536579392,0.05133784354967527,0.9491525423728814,59,0.03755904828356943,0.41,0.56,0.003939067536579392,100
MNAR,candidate_saturated,M1_class2,-0.004842144043783993,0.04395967485009394,0.04391229383077168,0.04980063844699817,0.9661016949152542,59,0.04147576353134539,0.41,0.57,0.004391229383077168,100
MNAR,candidate_saturated,M2_class1,-0.007341855037355737,0.05331509206338856,0.053073193278583786,0.06543873971026522,0.9661016949152542,59,0.05092548228134804,0.41,0.57,0.005307319327858379,100
MNAR,candidate_saturated,M2_class2,-0.01511003355319755,0.07153304116563038,0.07027121243723496,0.08041720790362722,0.9491525423728814,59,0.06830992871255233,0.41,0.56,0.007027121243723495,100
MNAR,candidate_saturated,M3_class1,0.009776604490175742,0.05449444843424097,0.05388036612095454,0.05822354018924539,0.9661016949152542,59,0.04815851167570788,0.41,0.57,0.005388036612095454,100
MNAR,candidate_saturated,M3_class2,-0.013837868556892494,0.06437889162829731,0.0631908691228026,0.07387710420231451,0.9152542372881356,59,0.06494746406125444,0.41,0.54,0.00631908691228026,100
MNAR,candidate_saturated,P000,-0.001603775307362073,0.032811574860658006,0.032937457562889266,0.035919162001704,0.9322033898305084,59,0.02852818267309636,0.41,0.55,0.0032937457562889267,100
MNAR,candidate_saturated,P001,0.005411117779409722,0.01991702597809443,0.019264446977867677,0.022261936095114072,0.9661016949152542,59,0.016826289653079807,0.41,0.57,0.0019264446977867676,100
MNAR,candidate_saturated,P010,-0.0029315640853705793,0.01955103737478021,0.01942738342419079,0.02601284126807798,0.9491525423728814,59,0.019091455191631558,0.41,0.56,0.001942738342419079,100
MNAR,candidate_saturated,P011,-0.0006558053630626663,0.014527073845905594,0.014585373670262426,0.017391942467610465,0.9830508474576272,59,0.012980618247157301,0.41,0.58,0.0014585373670262425,100
MNAR,candidate_saturated,P100,0.004326399460495983,0.016471199000514837,0.015972914707887077,0.023135658525909486,1.0,59,0.014301461582449175,0.41,0.59,0.0015972914707887077,100
MNAR,candidate_saturated,P101,0.0037148261038549373,0.021254390965118178,0.0210326634459961,0.02510441643770896,0.9661016949152542,59,0.01975601552761199,0.41,0.57,0.00210326634459961,100
MNAR,candidate_saturated,P110,0.0026096401861948094,0.016400050932258325,0.01627265937425005,0.02031508829660327,0.9830508474576272,59,0.015345395876912435,0.41,0.58,0.001627265937425005,100
MNAR,candidate_saturated,P111,-0.010870838774160192,0.03148704705757766,0.02969982819309429,0.04005458249663137,0.9830508474576272,59,0.02838518260008593,0.41,0.58,0.0029699828193094292,100
MNAR,candidate_saturated,mean_Y1,-0.00021997302361448977,0.02404599584129729,0.024166123878305024,0.022194552952598413,0.9152542372881356,59,0.023539907867445888,0.41,0.54,0.0024166123878305024,100
MNAR,candidate_saturated,mean_Y2,-0.011848568036398645,0.04735684326723428,0.04608163638416774,0.0614107650023099,1.0,59,0.04080613054532213,0.41,0.59,0.0046081636384167745,100
MNAR,candidate_saturated,mean_Y3,-0.002400700253958255,0.03728470538214701,0.037394780245648594,0.05320127004753628,1.0,59,0.03422658407828772,0.41,0.59,0.0037394780245648593,100
MNAR,candidate_saturated,p_class2,-0.0011061805185274515,0.046511939328883777,0.04673303575743017,0.05044072568970227,0.9661016949152542,59,0.04648634542843601,0.41,0.57,0.004673303575743018,100
MNAR,oracle,M1_class1,-0.001219257054586892,0.030295039592725625,0.030422991640587982,0.031496830488421626,0.94,100,0.030422991640587982,0.0,0.94,0.0030422991640587983,100
MNAR,oracle,M1_class2,0.004286642093650549,0.039458826709025785,0.03942290398230258,0.03957095271414499,0.94,100,0.03942290398230258,0.0,0.94,0.003942290398230258,100
MNAR,oracle,M2_class1,-0.0003518797892686007,0.03276851718799769,0.032931700047126984,0.032465321459556704,0.95,100,0.032931700047126984,0.0,0.95,0.0032931700047126983,100
MNAR,oracle,M2_class2,0.0044058831176026466,0.03635770186508622,0.03627157217915978,0.037369061245296445,0.91,100,0.03627157217915978,0.0,0.91,0.003627157217915978,100
MNAR,oracle,M3_class1,0.00526105534094704,0.03385484087345714,0.0336120400996909,0.034187916995538845,0.98,100,0.0336120400996909,0.0,0.98,0.00336120400996909,100
MNAR,oracle,M3_class2,-0.0016267117192937041,0.03778320651293321,0.037938340503810945,0.03608707760045828,0.94,100,0.037938340503810945,0.0,0.94,0.0037938340503810945,100
MNAR,oracle,P000,-0.0009720506436919663,0.019569600333143037,0.019643910171174724,0.01971693329336283,0.95,100,0.019643910171174724,0.0,0.95,0.0019643910171174726,100
MNAR,oracle,P001,0.0017387239888078379,0.011654277897015248,0.011581901249672873,0.011498953952012468,0.95,100,0.011581901249672873,0.0,0.95,0.0011581901249672873,100
MNAR,oracle,P010,-0.0002373487792588569,0.012905402389800933,0.01296822365037422,0.012577126896278717,0.94,100,0.01296822365037422,0.0,0.94,0.0012968223650374222,100
MNAR,oracle,P011,-0.00030932314590343996,0.010180495416510345,0.010227058885696888,0.010779958425961671,0.96,100,0.010227058885696888,0.0,0.96,0.0010227058885696888,100
MNAR,oracle,P100,-0.00042391051927922953,0.009638214019787743,0.009677395788921303,0.009606862707300805,0.96,100,0.009677395788921303,0.0,0.96,0.0009677395788921303,100
MNAR,oracle,P101,-0.001202762321460209,0.010491468950400047,0.010474803030152347,0.011825106766720885,0.93,100,0.010474803030152347,0.0,0.93,0.0010474803030152348,100
MNAR,oracle,P110,0.0006333070569922547,0.010052920591447514,0.010083496597201338,0.009176260060162816,0.91,100,0.010083496597201338,0.0,0.91,0.0010083496597201337,100
MNAR,oracle,P111,0.0007733643637935514,0.019145400839257396,0.019226146991480956,0.018637740314872267,0.94,100,0.019226146991480956,0.0,0.94,0.0019226146991480955,100
MNAR,oracle,mean_Y1,-0.00022000141995367372,0.024046003116576325,0.024166130929435158,0.02218476547511266,0.9,100,0.024166130929435158,0.0,0.9,0.002416613092943516,100
MNAR,oracle,mean_Y2,0.0008599994956234902,0.02193171715138195,0.022025252221712446,0.02231302764833701,0.93,100,0.022025252221712446,0.0,0.93,0.0022025252221712444,100
MNAR,oracle,mean_Y3,0.0010000028852376842,0.020460450003265275,0.020538950642636073,0.022340090087201944,0.98,100,0.020538950642636073,0.0,0.98,0.0020538950642636075,100
MNAR,oracle,p_class2,-0.0016492483155892746,0.03540732264177474,0.03554707330935796,0.03717525502848983,0.97,100,0.03554707330935796,0.0,0.97,0.003554707330935796,100
MNAR,selection_misspecified,M1_class1,-0.01743277868645459,0.038184369343754895,0.03414384736047089,,,0,,1.0,0.0,0.0034143847360470886,100
MNAR,selection_misspecified,M1_class2,0.006880702534321412,0.04095491024544254,0.04057616115886692,,,0,,1.0,0.0,0.004057616115886692,100
MNAR,selection_misspecified,M2_class1,0.09437792004378956,0.10139626564208755,0.03725439292609352,,,0,,1.0,0.0,0.0037254392926093518,100
MNAR,selection_misspecified,M2_class2,0.04099293631717992,0.054853188921876156,0.03663154663791204,,,0,,1.0,0.0,0.0036631546637912035,100
MNAR,selection_misspecified,M3_class1,0.09216826828235311,0.098781059461498,0.03571362004523682,,,0,,1.0,0.0,0.0035713620045236824,100
MNAR,selection_misspecified,M3_class2,0.018646206551222073,0.04239740963912027,0.03826884331995156,,,0,,1.0,0.0,0.003826884331995156,100
MNAR,selection_misspecified,P000,-0.06472852600169895,0.06693262755036643,0.017120917339586154,,,0,,1.0,0.0,0.0017120917339586155,100
MNAR,selection_misspecified,P001,0.017007999563670287,0.020608011969757395,0.011695553337338111,,,0,,1.0,0.0,0.001169555333733811,100
MNAR,selection_misspecified,P010,0.0200297113485066,0.0244071488398091,0.014017290109152406,,,0,,1.0,0.0,0.0014017290109152405,100
MNAR,selection_misspecified,P011,0.027910815334713034,0.03025711135997571,0.011741284117540404,,,0,,1.0,0.0,0.0011741284117540403,100
MNAR,selection_misspecified,P100,-0.019398700471300517,0.020726726090749936,0.007336610456859226,,,0,,1.0,0.0,0.0007336610456859226,100
MNAR,selection_misspecified,P101,-0.007722608577820499,0.01378015999907756,0.011470389034376735,,,0,,1.0,0.0,0.0011470389034376736,100
MNAR,selection_misspecified,P110,-0.0006085312647741082,0.010073549520923715,0.010105808393351127,,,0,,1.0,0.0,0.0010105808393351128,100
MNAR,selection_misspecified,P111,0.02750984006870407,0.0331975696118841,0.018675520831113332,,,0,,1.0,0.0,0.001867552083111333,100
MNAR,selection_misspecified,mean_Y1,-0.00022000024519107985,0.02404599525603334,0.024166123039764238,,,0,,1.0,0.0,0.0024166123039764237,100
MNAR,selection_misspecified,mean_Y2,0.07484183548714958,0.07785783318388777,0.021568351510332602,,,0,,1.0,0.0,0.0021568351510332603,100
MNAR,selection_misspecified,mean_Y3,0.06470604638926684,0.06754746462440958,0.019482899465213782,,,0,,1.0,0.0,0.0019482899465213782,100
MNAR,selection_misspecified,p_class2,0.01003523062262952,0.04586857334038571,0.04498282687616117,,,0,,1.0,0.0,0.004498282687616117,100
